{"meta": {"version": "7.3.2", "timestamp": "2025-10-16T14:09:37.421012", "branch_coverage": false, "show_contexts": false}, "files": {"alignment_analyzer.py": {"executed_lines": [2, 9, 10, 11, 12, 13, 16, 17, 18, 19, 20, 21, 22, 23, 26, 27, 28, 29, 32, 33, 34, 37, 38, 39, 42, 43, 46, 47, 48, 50, 64, 73, 74, 75, 76, 77, 78, 79, 82, 83, 84, 86, 89, 90, 92, 94, 97, 98, 100, 101, 103, 107, 110, 112, 114, 116, 117, 119, 120, 123, 124, 127, 134, 135, 136, 137, 138, 140, 141, 146, 149, 150, 152, 155, 156, 159, 162, 163, 166, 167, 169, 170, 171, 174, 175, 176, 177, 178, 180, 182, 184, 187, 190, 191, 194, 195, 198, 200, 203, 204, 207, 208, 209, 212, 214, 216, 218, 224, 227, 232, 234, 237, 239, 241, 243, 244, 246, 247, 250, 251, 253, 254, 255, 258, 260, 262, 264, 267, 269, 270, 271, 272, 276, 277, 279, 280, 281, 282, 288, 290, 292, 296, 299, 300, 304, 305, 311, 312, 315, 317, 319, 321, 322, 337, 340, 341, 344, 345, 347, 350, 352, 355, 357, 358, 360, 362, 364, 366, 367, 369, 372, 373, 375, 378, 381, 384, 387, 389, 391, 393, 394, 396, 399, 400, 402, 405, 408, 411, 415, 418, 439], "summary": {"covered_lines": 189, "num_statements": 235, "percent_covered": 80.42553191489361, "percent_covered_display": "80", "missing_lines": 46, "excluded_lines": 0}, "missing_lines": [104, 143, 144, 147, 201, 210, 256, 273, 274, 285, 286, 293, 301, 313, 324, 327, 328, 331, 332, 333, 335, 348, 370, 376, 379, 382, 385, 397, 403, 406, 409, 425, 426, 427, 434, 436, 443, 444, 445, 447, 450, 451, 452, 453, 454, 461], "excluded_lines": []}, "app_alignment.py": {"executed_lines": [], "summary": {"covered_lines": 0, "num_statements": 179, "percent_covered": 0.0, "percent_covered_display": "0", "missing_lines": 179, "excluded_lines": 20}, "missing_lines": [6, 7, 8, 9, 10, 11, 12, 13, 14, 15, 16, 17, 18, 21, 22, 23, 24, 34, 35, 37, 38, 39, 40, 41, 42, 43, 44, 45, 46, 51, 53, 55, 56, 57, 58, 61, 62, 63, 64, 68, 72, 73, 74, 75, 78, 79, 80, 81, 85, 89, 90, 91, 92, 95, 97, 98, 99, 102, 103, 116, 117, 118, 122, 124, 125, 126, 128, 129, 131, 132, 133, 134, 136, 137, 138, 140, 147, 148, 149, 150, 153, 155, 156, 163, 166, 167, 170, 182, 224, 225, 229, 230, 231, 239, 246, 247, 249, 250, 251, 253, 259, 263, 264, 266, 268, 269, 271, 272, 273, 274, 275, 276, 278, 279, 281, 283, 284, 286, 288, 289, 291, 293, 294, 296, 298, 299, 301, 302, 308, 310, 311, 313, 314, 315, 316, 317, 318, 319, 320, 321, 322, 325, 326, 327, 328, 329, 330, 331, 333, 334, 337, 338, 339, 340, 341, 343, 344, 348, 351, 352, 353, 354, 355, 356, 358, 359, 360, 362, 363, 364, 365, 367, 368, 369, 370, 371, 372, 373, 374], "excluded_lines": [378, 379, 380, 381, 382, 383, 384, 385, 386, 387, 388, 389, 390, 391, 392, 393, 394, 395, 396, 398]}, "app_energy.py": {"executed_lines": [], "summary": {"covered_lines": 0, "num_statements": 225, "percent_covered": 0.0, "percent_covered_display": "0", "missing_lines": 225, "excluded_lines": 20}, "missing_lines": [6, 7, 8, 9, 10, 11, 12, 13, 14, 15, 16, 17, 18, 21, 22, 23, 24, 34, 35, 37, 38, 39, 40, 41, 42, 43, 44, 45, 46, 47, 52, 54, 56, 57, 58, 59, 62, 63, 64, 65, 69, 73, 74, 75, 76, 77, 78, 79, 82, 83, 84, 85, 89, 93, 94, 95, 96, 97, 98, 99, 102, 104, 105, 106, 109, 110, 123, 124, 125, 129, 131, 132, 133, 135, 136, 138, 139, 140, 141, 143, 144, 145, 147, 154, 155, 156, 157, 160, 162, 163, 170, 173, 174, 177, 186, 222, 223, 227, 228, 229, 237, 244, 245, 247, 248, 249, 251, 257, 261, 262, 264, 266, 267, 269, 270, 271, 272, 273, 274, 276, 277, 279, 281, 282, 284, 286, 287, 289, 291, 292, 294, 296, 297, 299, 301, 302, 304, 305, 306, 307, 308, 310, 311, 313, 314, 315, 316, 317, 319, 320, 322, 323, 324, 325, 326, 327, 329, 330, 332, 340, 341, 343, 345, 346, 348, 349, 351, 384, 385, 387, 389, 390, 392, 393, 399, 401, 402, 404, 405, 406, 407, 408, 409, 410, 411, 412, 413, 416, 417, 418, 419, 420, 421, 422, 424, 425, 428, 429, 430, 431, 432, 434, 435, 439, 442, 443, 444, 445, 446, 447, 449, 450, 451, 453, 454, 455, 456, 458, 459, 460, 461, 462, 463, 464, 465], "excluded_lines": [469, 470, 471, 472, 473, 474, 475, 476, 477, 478, 479, 480, 481, 482, 483, 484, 485, 486, 487, 489]}, "app_llm_behaviour_lab.py": {"executed_lines": [], "summary": {"covered_lines": 0, "num_statements": 255, "percent_covered": 0.0, "percent_covered_display": "0", "missing_lines": 255, "excluded_lines": 33}, "missing_lines": [2, 10, 11, 12, 13, 14, 15, 16, 17, 18, 19, 20, 21, 22, 25, 28, 29, 30, 31, 32, 47, 48, 56, 57, 59, 60, 61, 63, 69, 73, 74, 76, 77, 78, 79, 80, 82, 83, 84, 85, 86, 87, 93, 94, 96, 97, 98, 99, 100, 101, 103, 104, 106, 107, 108, 109, 110, 111, 113, 114, 116, 117, 118, 119, 120, 121, 123, 124, 126, 128, 129, 131, 132, 142, 143, 145, 147, 148, 150, 152, 153, 155, 157, 158, 160, 162, 163, 165, 166, 167, 168, 169, 171, 172, 174, 175, 176, 177, 178, 180, 181, 183, 184, 185, 186, 187, 188, 190, 191, 193, 201, 202, 204, 206, 207, 209, 210, 212, 245, 246, 248, 250, 251, 253, 255, 256, 258, 259, 260, 261, 262, 263, 264, 265, 266, 267, 270, 271, 272, 273, 274, 275, 276, 277, 280, 282, 283, 284, 285, 287, 288, 289, 291, 292, 296, 298, 300, 301, 303, 315, 318, 331, 332, 334, 335, 336, 337, 339, 340, 341, 342, 343, 344, 345, 346, 348, 349, 351, 353, 354, 355, 357, 358, 365, 367, 368, 370, 371, 372, 373, 374, 375, 376, 377, 378, 379, 382, 383, 385, 386, 387, 388, 389, 390, 392, 393, 396, 398, 399, 400, 401, 404, 417, 418, 419, 421, 422, 426, 428, 430, 431, 433, 445, 448, 461, 462, 464, 465, 466, 467, 469, 470, 471, 472, 473, 474, 475, 476, 480, 482, 484, 486, 489, 490, 491, 493, 495, 505, 534, 539, 545, 547, 549, 555, 562], "excluded_lines": [568, 569, 570, 571, 572, 573, 574, 575, 576, 577, 578, 579, 580, 581, 582, 583, 584, 585, 586, 587, 588, 589, 590, 591, 592, 593, 594, 595, 596, 597, 598, 599, 601]}, "app_model_comparison.py": {"executed_lines": [2, 5, 6, 7, 8, 9, 10, 11, 12, 13, 14, 15, 16, 17, 20, 21, 22, 23, 24, 25, 31, 32, 33, 36, 37, 38, 39, 48, 49, 50, 51, 52, 53, 54, 55, 56, 57, 58, 59, 63, 206, 208, 209, 210, 211, 216, 218, 219, 220, 221, 222, 223, 228, 229, 231, 232, 234, 235, 236, 237, 238, 246, 248, 250, 256, 260, 261, 263, 264, 268, 269, 271, 274, 275, 279, 287, 288, 290, 291, 301, 302, 304, 306, 307, 308, 310, 318, 323, 324, 325, 326, 327, 330, 331, 332, 391], "summary": {"covered_lines": 95, "num_statements": 213, "percent_covered": 44.60093896713615, "percent_covered_display": "45", "missing_lines": 118, "excluded_lines": 15}, "missing_lines": [26, 27, 28, 70, 71, 74, 75, 76, 80, 83, 84, 85, 87, 88, 89, 90, 92, 93, 94, 95, 97, 98, 99, 116, 117, 118, 122, 124, 126, 127, 128, 129, 131, 132, 134, 135, 136, 137, 139, 140, 141, 143, 149, 150, 151, 152, 155, 157, 158, 160, 161, 167, 169, 170, 172, 185, 186, 190, 191, 192, 199, 212, 213, 214, 224, 225, 226, 240, 242, 243, 244, 265, 266, 311, 320, 321, 328, 329, 335, 336, 338, 339, 340, 341, 342, 343, 345, 346, 349, 350, 351, 352, 353, 355, 356, 360, 363, 364, 365, 366, 367, 368, 370, 371, 372, 373, 375, 376, 377, 378, 380, 381, 382, 383, 384, 385, 386, 387], "excluded_lines": [391, 392, 393, 394, 395, 396, 397, 398, 399, 400, 401, 402, 403, 404, 407]}, "energy_tracker.py": {"executed_lines": [2, 9, 10, 11, 12, 13, 16, 17, 18, 19, 20, 21, 22, 23, 27, 69, 70, 71, 72, 73, 74, 75, 76, 77, 78, 79, 80, 81, 84, 85, 86, 88, 89, 90, 91, 93, 94, 95, 97, 104, 129, 162, 181, 223, 240, 243, 270], "summary": {"covered_lines": 44, "num_statements": 105, "percent_covered": 41.904761904761905, "percent_covered_display": "42", "missing_lines": 61, "excluded_lines": 0}, "missing_lines": [99, 100, 102, 109, 110, 111, 113, 126, 127, 131, 132, 134, 135, 136, 137, 139, 140, 143, 144, 145, 146, 147, 148, 150, 165, 166, 167, 168, 169, 170, 172, 178, 179, 183, 184, 186, 189, 190, 192, 193, 195, 196, 201, 204, 205, 206, 207, 209, 210, 212, 226, 227, 229, 236, 254, 255, 257, 258, 259, 261, 272], "excluded_lines": []}, "ollama_client.py": {"executed_lines": [1, 6, 7, 8, 11, 12, 13, 16, 17, 18, 19, 22, 32, 45, 63], "summary": {"covered_lines": 14, "num_statements": 44,